metric,group_0,group_1,n_group_0,n_group_1,mean_group_0,mean_group_1,median_group_0,median_group_1,p_value_mannwhitney,p_value_ttest_welch,auc_raw,auc_corrected,auc_direction,best_threshold,threshold_rule,sensitivity,specificity,youden_index,accuracy,balanced_accuracy,separability
s_t,CTRL,POAG,260,241,0.22555648234300613,0.29437235987843646,0.2221733294858367,0.26573856455223616,2.0228904426173313e-13,3.2432347599614515e-15,0.6898499840408554,0.6898499840408554,POAG > CTRL,0.31217452526274286,predict POAG if s_t >= threshold,0.3775933609958506,0.9230769230769231,0.3006702840727737,0.6606786427145709,0.6503351420363869,0.7357197007354692
E_low_over_E_total,CTRL,POAG,260,241,0.7338724542940441,0.7701035833377774,0.7515973455336848,0.7885633929531726,2.30186504205949e-13,2.0484877423067226e-05,0.6894031279923397,0.6894031279923397,POAG > CTRL,0.7699549832231913,predict POAG if E_low_over_E_total >= threshold,0.6680497925311203,0.6576923076923077,0.325742100223428,0.6626746506986028,0.662871050111714,0.38409234711101864
s_d,CTRL,POAG,260,241,-0.23919708585503704,-0.32634531732886984,-0.23626287486847747,-0.285687290383234,3.103395036641727e-13,8.551606634358622e-17,0.31163421640600064,0.6883657835939994,CTRL > POAG,-0.3598549438319127,predict POAG if s_d <= threshold,0.3651452282157676,0.9384615384615385,0.3036067666773061,0.6626746506986028,0.6518033833386531,-0.7854303759538552
w_t,CTRL,POAG,260,241,0.46952396316860273,0.44511177892592635,0.46991020072798084,0.4568837365151948,6.548870389219375e-13,6.821149226084265e-16,0.31425151611873603,0.685748483881264,CTRL > POAG,0.4397514444550519,predict POAG if w_t <= threshold,0.4066390041493776,0.9153846153846154,0.32202361953399294,0.6706586826347305,0.6610118097669965,-0.7503901191156381
SF_VTI,CTRL,POAG,260,241,0.4554638151657951,0.48913154416454385,0.45422039835353356,0.4739087356514503,2.804589272960133e-12,4.1618696260969844e-15,0.6805458027449729,0.6805458027449729,POAG > CTRL,0.5101833902424219,predict POAG if SF_VTI >= threshold,0.34439834024896265,0.9461538461538461,0.2905521864028088,0.656686626746507,0.6452760932014043,0.7349740981088877
v_end_over_v_mean,CTRL,POAG,260,241,0.629780762898711,0.5352185861848983,0.6352830359520147,0.5700907881585667,2.9958444620417767e-12,1.2027611247278023e-13,0.31969358442387485,0.6803064155761251,CTRL > POAG,0.44779456159323,predict POAG if v_end_over_v_mean <= threshold,0.35269709543568467,0.9423076923076923,0.29500478774337696,0.6586826347305389,0.6475023938716885,-0.6890774003135729
R_VTI,CTRL,POAG,260,241,1.6946376431529357,1.9997775052422528,1.677891022711788,1.816058582186722,3.009039995959684e-12,1.0879413651422523e-16,0.6802904564315353,0.6802904564315353,POAG > CTRL,2.133053399549371,predict POAG if R_VTI >= threshold,0.35684647302904565,0.95,0.30684647302904566,0.6646706586826348,0.6534232365145228,0.7869435299405916
gamma_t,CTRL,POAG,260,241,0.40194265123489276,0.5294706643354318,0.39737831061962614,0.4710861104029538,3.103018005649839e-12,7.661959055980418e-16,0.6801787424194062,0.6801787424194062,POAG > CTRL,0.6007833648904972,predict POAG if gamma_t >= threshold,0.36099585062240663,0.9461538461538461,0.3071496967762528,0.6646706586826348,0.6535748483881264,0.7576694490334108
t50_over_T,CTRL,POAG,260,241,0.37739830340990493,0.3481445502423486,0.37779064689480546,0.35923906234566527,3.3728500636476785e-12,8.31845418109327e-14,0.3201244813278008,0.6798755186721992,CTRL > POAG,0.3309060584995734,predict POAG if t50_over_T <= threshold,0.35684647302904565,0.9346153846153846,0.2914618576444303,0.656686626746507,0.6457309288222152,-0.6924968868712007
t_min_over_T,CTRL,POAG,260,241,0.8624073875343407,0.8316517008125864,0.8727213541666667,0.8489583333333334,3.584077030411315e-12,2.9633682745585456e-08,0.3203558889243536,0.6796441110756464,CTRL > POAG,0.8541666666666666,predict POAG if t_min_over_T <= threshold,0.5601659751037344,0.7307692307692308,0.29093520587296523,0.6487025948103793,0.6454676029364825,-0.5046290515289018
N_t_over_T,CTRL,POAG,260,241,0.9476037752526648,0.9144802525893394,0.9551632810184062,0.9382301000648985,7.100194789027072e-12,3.0209673729709107e-13,0.32285349505266514,0.6771465049473349,CTRL > POAG,0.8976919350653055,predict POAG if N_t_over_T <= threshold,0.33195020746887965,0.9538461538461538,0.2857963613150335,0.654690618762475,0.6428981806575168,-0.6779973896502638
RI,CTRL,POAG,260,241,0.6278389591477213,0.7186809993302493,0.6249804208156147,0.7034782240604961,1.0685938083519586e-11,8.554680149506863e-14,0.6756303862112991,0.6756303862112991,POAG > CTRL,0.797970190497219,predict POAG if RI >= threshold,0.34024896265560167,0.9538461538461538,0.2940951165017555,0.6586826347305389,0.6470475582508778,0.6901115024232775
N_eff_over_T,CTRL,POAG,260,241,0.9062039911061108,0.8579485622418859,0.9155069815285786,0.888385466717278,1.3518548063558604e-11,1.942364562313674e-13,0.3252473667411427,0.6747526332588574,CTRL > POAG,0.8270224190911194,predict POAG if N_eff_over_T <= threshold,0.3360995850622407,0.95,0.2860995850622407,0.654690618762475,0.6430497925311203,-0.6832111726083447
Delta_DTI,CTRL,POAG,260,241,0.07802745399331137,0.09547964125060705,0.0780944067487715,0.08891705943177512,5.616919655767694e-11,1.185239049660941e-13,0.6693424832428982,0.6693424832428982,POAG > CTRL,0.10964494560995781,predict POAG if Delta_DTI >= threshold,0.34439834024896265,0.9423076923076923,0.28670603255665494,0.654690618762475,0.6433530162783274,0.6896450004507049
mu_t_over_T,CTRL,POAG,260,241,0.4188062299009194,0.40171628717262947,0.418337813916363,0.4074583980697172,1.1568764788034718e-10,2.984738048097007e-13,0.3334663262049154,0.6665336737950847,CTRL > POAG,0.3879194924472696,predict POAG if mu_t_over_T <= threshold,0.35269709543568467,0.9384615384615385,0.29115863389722313,0.656686626746507,0.6455793169486116,-0.6776035871290762
PI,CTRL,POAG,260,241,1.0177339294217616,1.271494322926619,0.9515416457130028,1.1666004213996557,1.3392205238806096e-10,8.891736527201804e-10,0.6659591445898501,0.6659591445898501,POAG > CTRL,1.4601000285564112,predict POAG if PI >= threshold,0.3278008298755187,0.9307692307692308,0.2585700606447494,0.6407185628742516,0.6292850303223747,0.5590074336134822
W50_over_T,CTRL,POAG,260,241,0.7248002518315019,0.6293560360477178,0.6927083333333334,0.6002604166666666,3.490176889859211e-10,5.694538576910834e-10,0.33787105011171403,0.662128949888286,CTRL > POAG,0.603515625,predict POAG if W50_over_T <= threshold,0.5145228215767634,0.7346153846153847,0.24913820619214805,0.6287425149700598,0.624569103096074,-0.5660073087869137
E_slope,CTRL,POAG,260,241,21.003613292953027,24.168214422427216,12.72149539462897,19.998875577360206,6.8023102187372406e-09,0.5242669140434025,0.6497606128311522,0.6497606128311522,POAG > CTRL,19.519534675064506,predict POAG if E_slope >= threshold,0.5145228215767634,0.7346153846153847,0.24913820619214805,0.6287425149700598,0.624569103096074,0.05601706143777217
slope_fall_normalized,CTRL,POAG,260,241,6.723160851113403,8.363608066889467,5.907264867647666,7.226785779511183,1.0211715195151846e-08,0.0010426891981323632,0.6479891477816789,0.6479891477816789,POAG > CTRL,7.202545488172324,predict POAG if slope_fall_normalized >= threshold,0.5103734439834025,0.7692307692307692,0.27960421321417167,0.6447105788423154,0.6398021066070858,0.2925596638459957
w_d,CTRL,POAG,260,241,0.47002893013687225,0.45211679546244055,0.47425923227175726,0.46549751609689466,1.0981929760614099e-08,4.3835328782535935e-09,0.35233003511011807,0.6476699648898819,CTRL > POAG,0.4412655708135295,predict POAG if w_d <= threshold,0.29045643153526973,0.95,0.24045643153526974,0.6327345309381237,0.6202282157676349,-0.5396840727509221
crest_factor,CTRL,POAG,260,241,1.4852982043004606,1.5716085721119144,1.4642218823200208,1.5405951143307923,4.541714289243029e-08,3.538587341649857e-07,0.6413022661985317,0.6413022661985317,POAG > CTRL,1.6315355553626716,predict POAG if crest_factor >= threshold,0.3651452282157676,0.8615384615384616,0.22668368975422915,0.6227544910179641,0.6133418448771146,0.46134424843825783
t_up_over_T,CTRL,POAG,260,241,0.9603611850389194,0.9510665197095436,0.9791666666666666,0.9765625,1.8025725299064864e-07,0.21446063827404852,0.3653526970954357,0.6346473029045643,CTRL > POAG,0.978125,predict POAG if t_up_over_T <= threshold,0.6307053941908713,0.5961538461538461,0.2268592403447175,0.6127744510978044,0.6134296201723588,-0.1114697683472216
slope_rise_normalized,CTRL,POAG,260,241,14.45229520396336,16.650552903386032,13.650659423155458,16.4621928973344,4.768404418368831e-07,0.00012477545258678284,0.6301149058410469,0.6301149058410469,POAG > CTRL,16.056752312531287,predict POAG if slope_rise_normalized >= threshold,0.5311203319502075,0.7307692307692308,0.26188956271943825,0.6347305389221557,0.6309447813597191,0.3441033425462054
Delta_t_over_T,CTRL,POAG,260,241,0.8000898938301283,0.7753752269190872,0.8203125,0.7890625,9.810479562748032e-07,6.0137619194950654e-05,0.37350781998084903,0.626492180019151,CTRL > POAG,0.810546875,predict POAG if Delta_t_over_T <= threshold,0.6887966804979253,0.573076923076923,0.2618736035748484,0.6287425149700598,0.6309368017874242,-0.36290598059749
t_max_over_T,CTRL,POAG,260,241,0.0673541237408425,0.059734288554633475,0.04296875,0.037109375,4.257892800615999e-06,0.13785761050759368,0.38121608681774655,0.6187839131822535,CTRL > POAG,0.0361328125,predict POAG if t_max_over_T <= threshold,0.46473029045643155,0.7576923076923077,0.22242259814873924,0.6167664670658682,0.6112112990743697,-0.13328500058136583
W80_over_T,CTRL,POAG,260,241,0.29585740756639195,0.27405423366182574,0.2876302083333333,0.2786458333333333,0.004005287550269428,0.0022200433966432153,0.42563836578359404,0.574361634216406,CTRL > POAG,0.255859375,predict POAG if W80_over_T <= threshold,0.4024896265560166,0.7461538461538462,0.14864347270986278,0.5808383233532934,0.5743217363549313,-0.2746104667371394
t_phi_over_T,CTRL,POAG,260,241,0.018050609219345707,0.020586140768156833,0.016756254342403108,0.020226416371145552,0.036467407171091065,0.14536932245436462,0.5540536227258219,0.5540536227258219,POAG > CTRL,0.01868827510362803,predict POAG if t_phi_over_T >= threshold,0.5767634854771784,0.5538461538461539,0.1306096393233322,0.564870259481038,0.5653048196616661,0.13037830692760435
N_h_over_H_minus_1,CTRL,POAG,260,241,0.4005396807520252,0.39977006325355485,0.3955888961651092,0.3904319102116128,0.2927217916580498,0.8909465727006385,0.4728056176188956,0.5271943823811044,CTRL > POAG,0.3866105162477612,predict POAG if N_h_over_H_minus_1 <= threshold,0.4854771784232365,0.6038461538461539,0.08932333226939038,0.5469061876247505,0.5446616661346951,-0.012285307811814833
rho_h,CTRL,POAG,260,241,0.27875009684077434,0.2802760353481188,0.27796626597043744,0.2705923408852629,0.34229554620944513,0.7656568551446643,0.47545483562081076,0.5245451643791892,CTRL > POAG,0.2748607322830999,predict POAG if rho_h <= threshold,0.5809128630705395,0.5423076923076924,0.12322055537823179,0.5608782435129741,0.5616102776891159,0.026721516607413766
t_down_over_T,CTRL,POAG,260,241,0.29104470724587916,0.28887664246196404,0.2838541666666667,0.28515625,0.3843082713565117,0.8288158771026378,0.4775135652729014,0.5224864347270985,CTRL > POAG,0.22395833333333334,predict POAG if t_down_over_T <= threshold,0.26141078838174275,0.8730769230769231,0.13448771145866584,0.5788423153692615,0.5672438557293329,-0.019451085056655878
eta_h,CTRL,POAG,260,241,0.9986603561772129,0.9981573135978041,0.9992428854177444,0.9991990269048665,0.47847639807659836,0.18396960443637728,0.48167890201085223,0.5183210979891477,CTRL > POAG,0.998433311249818,predict POAG if eta_h <= threshold,0.26556016597510373,0.8346153846153846,0.10017555059048835,0.5608782435129741,0.5500877752952442,-0.12038750536383651
sigma_t_over_T,CTRL,POAG,260,241,0.2875957400587722,0.28792089379324043,0.2868122243237181,0.28707875975709485,0.517238715634388,0.5679890017824225,0.5167411426747526,0.5167411426747526,POAG > CTRL,0.2916968892473421,predict POAG if sigma_t_over_T >= threshold,0.16597510373443983,0.9423076923076923,0.10828279604213213,0.5688622754491018,0.5541413980210661,0.050788730155919386
w_h,CTRL,POAG,260,241,0.17727160100861505,0.17947758978553036,0.1819265444795449,0.17523594201263146,0.5563221228173105,0.5633871561872389,0.48479093520587296,0.515209064794127,CTRL > POAG,0.18826125266261134,predict POAG if w_h <= threshold,0.6680497925311203,0.43846153846153846,0.10651133099265875,0.5489021956087824,0.5532556654963294,0.05170259382402788
D_phi,CTRL,POAG,260,241,0.4261579503213392,0.4325720966685008,0.42667490923505613,0.4383857635276758,0.6183881784840882,0.5006204375070047,0.512879029684009,0.512879029684009,POAG > CTRL,0.34026125003574487,predict POAG if D_phi >= threshold,0.8381742738589212,0.2384615384615385,0.07663581232045968,0.5269461077844312,0.5383179061602298,0.06008042439725619
s_phi_over_T,CTRL,POAG,260,241,0.06747004320410595,0.0676622811359269,0.06887303446198492,0.07041274821296177,0.6456299106738671,0.8839762676952123,0.5118895627194382,0.5118895627194382,POAG > CTRL,0.07128752219169997,predict POAG if s_phi_over_T >= threshold,0.4730290456431535,0.6,0.07302904564315349,0.5389221556886228,0.5365145228215767,0.01305503433978356
